<electricity_consumer>
    <consumer1>
        <consumerno>1001</consumerno>
        <consumername>Seema Joshi</consumername>
        <email>Seema.Joshi@gmail.com</email>
        <unitsconsumed>250</unitsconsumed>
    </consumer1>
    <consumer2>
        <consumerno>1002</consumerno>
        <consumername>Amey Joshi</consumername>
        <email>Amey.j@cg.com</email>
        <unitsconsumed>345</unitsconsumed>
    </consumer2>
    <consumer3>
        <consumerno>1003</consumerno>
        <consumername>Pavin</consumername>
        <email>pavin.t@cg.com</email>
        <unitsconsumed>457</unitsconsumed>
    </consumer3>
    <consumer4>
        <consumerno>1004</consumerno>
        <consumername>Manoj Kulakarni</consumername>
        <email>manoj@gmail.com</email>
        <unitsconsumed>780</unitsconsumed>
    </consumer4>
    <consumer5>
        <consumerno>1005</consumerno>
        <consumername>Srikant Shinde</consumername>
        <email>SrikantShinde@gmail.com</email>
        <unitsconsumed>90</unitsconsumed>
    </consumer5>
    <consumer6>
        <consumerno>1006</consumerno>
        <consumername>Mahesh B</consumername>
        <email>bMahesh@yahoo.com</email>
        <unitsconsumed>720</unitsconsumed>
    </consumer6>
</electricity_consumer>